{
  "experiment": "main_decile_table3",
  "return_type": "excess",
  "sample_filter": "paper_section_2_1",
  "breakpoints_universe": "eligible_nyse_only",
  "holdings_universe": "eligible_full_sample",
  "weighting": "value",
  "n_portfolios": 10,
  "test_period": [
    "1963-07",
    "2022-12"
  ],
  "performance": {
    "1": {
      "mean_return": -0.0014579288620835402,
      "std_dev": 0.06750963442096228,
      "sharpe_ratio": -0.07481026625632779,
      "t_statistic": -0.5297027065935342,
      "annualized_return": -0.04415735746046323,
      "max_drawdown": -0.9792541754105961,
      "n_months": 714
    },
    "2": {
      "mean_return": 0.00256885719472567,
      "std_dev": 0.05808694631289092,
      "sharpe_ratio": 0.153197627387284,
      "t_statistic": 1.093981929640396,
      "annualized_return": 0.010438056734497714,
      "max_drawdown": -0.8324798036393634,
      "n_months": 714
    },
    "3": {
      "mean_return": 0.003258720222423546,
      "std_dev": 0.05314502195242096,
      "sharpe_ratio": 0.21241007287353714,
      "t_statistic": 1.5031676550568043,
      "annualized_return": 0.022179716680031936,
      "max_drawdown": -0.7333815069479938,
      "n_months": 714
    },
    "4": {
      "mean_return": 0.0051195373756701395,
      "std_dev": 0.05016866409006191,
      "sharpe_ratio": 0.35349950040487804,
      "t_statistic": 2.64087765449362,
      "annualized_return": 0.04722600475534611,
      "max_drawdown": -0.6060614543207072,
      "n_months": 714
    },
    "5": {
      "mean_return": 0.006266710358602091,
      "std_dev": 0.04711632550606277,
      "sharpe_ratio": 0.4607430915222924,
      "t_statistic": 3.6446091901365363,
      "annualized_return": 0.06356008619987819,
      "max_drawdown": -0.46373378665457365,
      "n_months": 714
    },
    "6": {
      "mean_return": 0.006688925595312621,
      "std_dev": 0.04563468242324709,
      "sharpe_ratio": 0.5077523656975194,
      "t_statistic": 3.975575495708786,
      "annualized_return": 0.06981308068147385,
      "max_drawdown": -0.5215641349334172,
      "n_months": 714
    },
    "7": {
      "mean_return": 0.006890632319906939,
      "std_dev": 0.044662308970200244,
      "sharpe_ratio": 0.534451780462953,
      "t_statistic": 4.1293185513191295,
      "annualized_return": 0.07288170463056698,
      "max_drawdown": -0.4854508720478166,
      "n_months": 714
    },
    "8": {
      "mean_return": 0.007205453081020101,
      "std_dev": 0.044055954097193505,
      "sharpe_ratio": 0.5665618227378509,
      "t_statistic": 4.2110535132171245,
      "annualized_return": 0.07741157754804906,
      "max_drawdown": -0.5764587392613421,
      "n_months": 714
    },
    "9": {
      "mean_return": 0.007565599139616247,
      "std_dev": 0.04407765851307553,
      "sharpe_ratio": 0.5945870330488382,
      "t_statistic": 4.66341783048172,
      "annualized_return": 0.08196501678262202,
      "max_drawdown": -0.5034762398385797,
      "n_months": 714
    },
    "10": {
      "mean_return": 0.009237862141077208,
      "std_dev": 0.05260147306240304,
      "sharpe_ratio": 0.6083649620489078,
      "t_statistic": 4.669161035240408,
      "annualized_return": 0.09879214445527218,
      "max_drawdown": -0.6445392408761439,
      "n_months": 714
    },
    "long_short": {
      "mean_return": 0.010695791003160749,
      "std_dev": 0.051501730801785814,
      "sharpe_ratio": 0.719418674137846,
      "t_statistic": 5.056657544229131,
      "annualized_return": 0.11825595106517706,
      "max_drawdown": -0.5270694265831275,
      "n_months": 714
    }
  }
}