{
  "1": {
    "mean_return": 0.0017971260506886783,
    "std_dev": 0.06377751866265159,
    "sharpe_ratio": 0.09761162530837725,
    "t_statistic": 0.6855208281103926,
    "annualized_return": -0.0027969479068892245,
    "max_drawdown": -0.8733867914952325,
    "n_months": 714
  },
  "2": {
    "mean_return": 0.0018081728637208267,
    "std_dev": 0.053502733736188184,
    "sharpe_ratio": 0.1170724204215183,
    "t_statistic": 0.8308607067023257,
    "annualized_return": 0.004258236713780894,
    "max_drawdown": -0.8300508738075991,
    "n_months": 714
  },
  "3": {
    "mean_return": 0.004602713014882981,
    "std_dev": 0.04940531518739488,
    "sharpe_ratio": 0.3227236893114623,
    "t_statistic": 2.4758750337746034,
    "annualized_return": 0.04120890598845439,
    "max_drawdown": -0.6360304845751001,
    "n_months": 714
  },
  "4": {
    "mean_return": 0.005223589458205588,
    "std_dev": 0.046704906275960974,
    "sharpe_ratio": 0.3874334865821163,
    "t_statistic": 2.9990088659249885,
    "annualized_return": 0.05063542947827182,
    "max_drawdown": -0.5754020399689296,
    "n_months": 714
  },
  "5": {
    "mean_return": 0.006153516721632569,
    "std_dev": 0.04699181659709216,
    "sharpe_ratio": 0.45361956097487016,
    "t_statistic": 3.4478272141775332,
    "annualized_return": 0.06219067742760309,
    "max_drawdown": -0.541083751630188,
    "n_months": 714
  },
  "6": {
    "mean_return": 0.006763107247148553,
    "std_dev": 0.0447826880838551,
    "sharpe_ratio": 0.5231506133425557,
    "t_statistic": 4.124776060289416,
    "annualized_return": 0.07123530487322216,
    "max_drawdown": -0.48576906423878324,
    "n_months": 714
  },
  "7": {
    "mean_return": 0.005909112741570627,
    "std_dev": 0.044052378480113466,
    "sharpe_ratio": 0.46466882602823695,
    "t_statistic": 3.498445068391471,
    "annualized_return": 0.06081332388221283,
    "max_drawdown": -0.5585870372028585,
    "n_months": 714
  },
  "8": {
    "mean_return": 0.006441750782976577,
    "std_dev": 0.04450158962266713,
    "sharpe_ratio": 0.5014400492394512,
    "t_statistic": 3.7264154471670716,
    "annualized_return": 0.06732985409834225,
    "max_drawdown": -0.5743928903205995,
    "n_months": 714
  },
  "9": {
    "mean_return": 0.0073160712717561145,
    "std_dev": 0.0440465537907781,
    "sharpe_ratio": 0.5753824562379135,
    "t_statistic": 4.276531424056339,
    "annualized_return": 0.07885036019715863,
    "max_drawdown": -0.49072419832761965,
    "n_months": 714
  },
  "10": {
    "mean_return": 0.006856100474828992,
    "std_dev": 0.04729551122302776,
    "sharpe_ratio": 0.5021666562901652,
    "t_statistic": 3.7399870731947846,
    "annualized_return": 0.07086392392131424,
    "max_drawdown": -0.5738292387872974,
    "n_months": 714
  },
  "long_short": {
    "mean_return": 0.005058974424140313,
    "std_dev": 0.049811069490773394,
    "sharpe_ratio": 0.3518254406653767,
    "t_statistic": 2.8317597156786882,
    "annualized_return": 0.0464702936535053,
    "max_drawdown": -0.5769663082714662,
    "n_months": 714
  }
}