{
  "1": {
    "mean_return": 0.0014646289911523312,
    "std_dev": 0.06267281086969768,
    "sharpe_ratio": 0.08095414236927848,
    "t_statistic": 0.55072378171857,
    "annualized_return": -0.006107224843657,
    "max_drawdown": -0.8915425759520677,
    "n_months": 714
  },
  "2": {
    "mean_return": 0.002405573195149978,
    "std_dev": 0.053229283455170105,
    "sharpe_ratio": 0.1565519851055169,
    "t_statistic": 1.1407685347806484,
    "annualized_return": 0.0116819078470769,
    "max_drawdown": -0.766547069153954,
    "n_months": 714
  },
  "3": {
    "mean_return": 0.0045413184213923445,
    "std_dev": 0.04945477871005299,
    "sharpe_ratio": 0.3181004725677237,
    "t_statistic": 2.360363874188969,
    "annualized_return": 0.0403874540722875,
    "max_drawdown": -0.6662438796512457,
    "n_months": 714
  },
  "4": {
    "mean_return": 0.004741623730135186,
    "std_dev": 0.046858972627482516,
    "sharpe_ratio": 0.350529802531423,
    "t_statistic": 2.7069517250157125,
    "annualized_return": 0.04452063980681209,
    "max_drawdown": -0.621608169819157,
    "n_months": 714
  },
  "5": {
    "mean_return": 0.0057171434149897995,
    "std_dev": 0.04638767758418117,
    "sharpe_ratio": 0.42694023001906084,
    "t_statistic": 3.2342605613217503,
    "annualized_return": 0.056966533341948455,
    "max_drawdown": -0.6031935052593392,
    "n_months": 714
  },
  "6": {
    "mean_return": 0.006837159637064108,
    "std_dev": 0.04468821023581523,
    "sharpe_ratio": 0.5299969637791955,
    "t_statistic": 3.9848139352360348,
    "annualized_return": 0.07227397631288701,
    "max_drawdown": -0.516297718815094,
    "n_months": 714
  },
  "7": {
    "mean_return": 0.006253986065081155,
    "std_dev": 0.044283045116454735,
    "sharpe_ratio": 0.489226591624941,
    "t_statistic": 3.531755156507023,
    "annualized_return": 0.06504388998078481,
    "max_drawdown": -0.5760762258687353,
    "n_months": 714
  },
  "8": {
    "mean_return": 0.005848222314487311,
    "std_dev": 0.04474437361061136,
    "sharpe_ratio": 0.45276835343819993,
    "t_statistic": 3.3333288878860796,
    "annualized_return": 0.05963301310771785,
    "max_drawdown": -0.6033564550178971,
    "n_months": 714
  },
  "9": {
    "mean_return": 0.007676996540092967,
    "std_dev": 0.043745630943590706,
    "sharpe_ratio": 0.6079211921354022,
    "t_statistic": 4.689456659427516,
    "annualized_return": 0.0837083964944092,
    "max_drawdown": -0.4753579718220581,
    "n_months": 714
  },
  "10": {
    "mean_return": 0.006780362874346776,
    "std_dev": 0.04732783199268374,
    "sharpe_ratio": 0.49628020121174465,
    "t_statistic": 3.6850211572620255,
    "annualized_return": 0.06987011595499881,
    "max_drawdown": -0.5698936135624225,
    "n_months": 714
  },
  "long_short": {
    "mean_return": 0.005315733883194445,
    "std_dev": 0.0483475930681594,
    "sharpe_ratio": 0.38087195580670086,
    "t_statistic": 2.9030312149622244,
    "annualized_return": 0.050621300449487094,
    "max_drawdown": -0.5675080265660478,
    "n_months": 714
  }
}